{"name":"dvrpc.org No Filters","id":"120153212|undefined","type":"custom","source":"google_analytics","dataByBrowser":{"ie":{"6":0,"7":0.2010506870818812,"8":0.003808808686260267,"9":0.09385992833998515,"10":0.019588158957909944,"11":18.134554328575042},"edge":{"12":0.046249819761731814,"13":0.5612551656967808,"14":1.195149754195811,"15":0.7157839752536258,"16":0.025573429750604646,"17":0},"firefox":{"2":0,"3":0,"4":0,"5":0,"6":0,"7":0,"8":0.0002720577633043048,"9":0.0005441155266086095,"10":0.0002720577633043048,"11":0,"12":0.0002720577633043048,"13":0.0002720577633043048,"14":0,"15":0,"16":0.0008161732899129144,"17":0,"18":0.0002720577633043048,"19":0,"20":0,"21":0.0032646931596516577,"22":0,"23":0.0002720577633043048,"24":0.0002720577633043048,"25":0,"26":0,"27":0,"28":0.009249963952346363,"29":0.004897039739477486,"30":0.007073501845911923,"31":0.01877198566799703,"32":0.0002720577633043048,"33":0.01577935027164968,"34":0,"35":0.00788967513582484,"36":0.0005441155266086095,"37":0.010610252768867887,"38":0.0171396390881712,"39":0.007617617372520534,"40":0.001088231053217219,"41":0.005713213029390401,"42":0.016323465798258288,"43":0.009249963952346363,"44":0.004624981976173182,"45":0.114264260587808,"46":0.007345559609216229,"47":0.03808808686260267,"48":0.09576433268311528,"49":0.02666166080382187,"50":0.8539893190122126,"51":1.5529057129409716,"52":1.6777802262976476,"53":1.5643321389997527,"54":1.7199491796098147,"55":1.28356852726971,"56":1.1513484543038177,"57":0.5620713389866937,"58":0.011698483822085106,"59":0,"60":0,"3.5":0,"3.6":0.0005441155266086095},"chrome":{"4":0,"5":0,"6":0,"7":0,"8":0,"9":0,"10":0,"11":0.0005441155266086095,"12":0,"13":0,"14":0,"15":0,"16":0,"17":0,"18":0,"19":0.0002720577633043048,"20":0.0002720577633043048,"21":0.0019044043431301334,"22":0,"23":0,"24":0.001088231053217219,"25":0.05060274397460069,"26":0.0002720577633043048,"27":0.08134527122798713,"28":0.1488155965274547,"29":0.0019044043431301334,"30":0,"31":0.013330830401910935,"32":0.0019044043431301334,"33":0.008705848425737753,"34":0.012514657111998019,"35":0.007345559609216229,"36":0.0032646931596516577,"37":0.01822787014138842,"38":0.021220505537735773,"39":0.016323465798258288,"40":0.034007220413038095,"41":0.020948447774431465,"42":0.004080866449564572,"43":0.04407335765529737,"44":0.009794079478954972,"45":0.039992491205732804,"46":0.008161732899129144,"47":0.019044043431301335,"48":0.09848491031615833,"49":0.6752473685212844,"50":0.03509545146625531,"51":0.939959572216373,"52":0.10719075874189608,"53":0.1316759574392835,"54":0.10474223887215733,"55":4.373328545116699,"56":9.613433124120913,"57":5.4223832804180985,"58":7.304206829193974,"59":6.756826609425713,"60":7.4794120287619466,"61":8.595392973836205,"62":3.05629691296056,"63":1.212289393283982,"64":0.01033819500556358,"65":0.001088231053217219,"66":0},"safari":{"4":0,"5":0,"6":0.0002720577633043048,"7":0.00516909750278179,"8":0.07916880912155269,"9":0.05794830358381691,"10":0.8267835426817822,"11":0.27722686080708653,"3.1":0,"3.2":0,"5.1":0.0002720577633043048,"6.1":0.012786714875302323,"7.1":0.0008161732899129144,"9.1":0.49949805342670356,"10.1":0.9813123522386273,"TP":0},"opera":{"15":0,"16":0,"17":0,"18":0,"19":0,"20":0,"21":0,"22":0,"23":0,"24":0,"25":0,"26":0,"27":0,"28":0,"29":0,"30":0,"31":0,"32":0,"33":0,"34":0,"35":0.0002720577633043048,"36":0.0002720577633043048,"37":0.001088231053217219,"38":0,"39":0,"40":0,"41":0,"42":0.004897039739477486,"43":0.020132274484518552,"44":0.005713213029390401,"45":0.004897039739477486,"46":0.02394108317077882,"47":0.016867581324866893,"48":0.007345559609216229,"49":0.003808808686260267,"50":0,"10.0-10.1":0,"11.5":0,"12.1":0.0002720577633043048},"ios_saf":{"8":0.001088231053217219,"3.2":0,"4.0-4.1":0,"4.2-4.3":0,"5.0-5.1":0,"6.0-6.1":0.021764621064344382,"7.0-7.1":0.06121299674346858,"8.1-8.4":0.06692620977285897,"9.0-9.2":0.12160982019702422,"9.3":0.37897646428289655,"10.0-10.2":2.1927855722326965,"10.3":2.4161449959055306,"11.0-11.2":0.5054833242193982},"op_mini":{"all":0.01305877263860663},"android":{"3":0,"4":0.0032646931596516577,"62":0.2002345137919683,"2.1":0,"2.2":0,"2.3":0,"4.1":0.0002720577633043048,"4.2-4.3":0.0027205776330430477,"4.4":0,"4.4.3-4.4.4":0},"bb":{"7":0,"10":0.004897039739477486},"op_mob":{"12":0.002448519869738743,"37":0.002448519869738743,"12.1":0.002448519869738743},"and_chr":{"62":2.5437400868952498},"and_ff":{"57":0.05631595700399109},"ie_mob":{"10":0,"11":0},"and_uc":{"11.4":0},"samsung":{"4":0,"5":0,"6.2":0},"and_qq":{"1.2":0},"baidu":{"7.12":0}},"meta":{"start_date":"2017-01-09","end_date":"2018-01-08"},"uid":"custom.120153212|undefined"}