{"name":"www.dvrpc.org","id":"19775726|undefined","type":"custom","source":"google_analytics","dataByBrowser":{"ie":{"6":0,"7":0.4549670921860506,"8":0.030920093643712177,"9":0.013251468704448077,"10":0.004417156234816025,"11":10.777861212951102},"edge":{"12":0,"13":0.026502937408896154,"14":0.06625734352224039,"15":0.06184018728742435,"16":0.39754406113344226,"17":0},"firefox":{"2":0,"3":0,"4":0,"5":0,"6":0,"7":0,"8":0,"9":0,"10":0,"11":0,"12":0,"13":0,"14":0,"15":0,"16":0,"17":0,"18":0,"19":0,"20":0,"21":0,"22":0,"23":0,"24":0,"25":0,"26":0,"27":0,"28":0,"29":0,"30":0,"31":0.00883431246963205,"32":0,"33":0,"34":0,"35":0,"36":0,"37":0,"38":0,"39":0,"40":0,"41":0,"42":0,"43":0,"44":0,"45":0.026502937408896154,"46":0,"47":0,"48":0.00883431246963205,"49":0,"50":0.1413489995141128,"51":0.00883431246963205,"52":0.1369318432792968,"53":0.013251468704448077,"54":0,"55":0,"56":0.45054993595123455,"57":13.026193736472457,"58":10.835284244003711,"59":0.013251468704448077,"60":0,"61":0,"3.5":0,"3.6":0},"chrome":{"4":0,"5":0,"6":0,"7":0,"8":0,"9":0,"10":0,"11":0,"12":0,"13":0,"14":0,"15":0,"16":0,"17":0,"18":0,"19":0,"20":0,"21":0,"22":0,"23":0,"24":0,"25":0.08392596846150449,"26":0,"27":0,"28":0,"29":0,"30":0,"31":0,"32":0,"33":0,"34":0,"35":0,"36":0,"37":0,"38":0,"39":0.004417156234816025,"40":0,"41":0,"42":0,"43":0,"44":0,"45":0,"46":0,"47":0,"48":0.004417156234816025,"49":0.05300587481779231,"50":0,"51":0.013251468704448077,"52":0.004417156234816025,"53":0.00883431246963205,"54":0,"55":0.013251468704448077,"56":0.013251468704448077,"57":0.07950881222668846,"58":0.0176686249392641,"59":0.004417156234816025,"60":0.04858871858297628,"61":0.7641680286231723,"62":0.6404876540483236,"63":46.48615221520385,"64":11.723132647201732,"65":0,"66":0,"67":0},"safari":{"4":0,"5":0,"6":0,"7":0,"8":0,"9":0.013251468704448077,"10":0.03975440611334423,"11":0.39754406113344226,"3.1":0,"3.2":0,"5.1":0,"6.1":0.004417156234816025,"7.1":0,"9.1":0.05300587481779231,"10.1":0.21644065550598524,"11.1":0,"TP":0},"opera":{"15":0,"16":0,"17":0,"18":0,"19":0,"20":0,"21":0,"22":0,"23":0,"24":0,"25":0,"26":0,"27":0,"28":0,"29":0,"30":0,"31":0,"32":0,"33":0,"34":0,"35":0,"36":0,"37":0,"38":0,"39":0,"40":0,"41":0,"42":0,"43":0,"44":0,"45":0,"46":0,"47":0,"48":0,"49":0,"50":0,"51":0,"52":0,"10.0-10.1":0,"11.5":0,"12.1":0},"ios_saf":{"8":0,"3.2":0,"4.0-4.1":0,"4.2-4.3":0,"5.0-5.1":0,"6.0-6.1":0.00883431246963205,"7.0-7.1":0.08392596846150449,"8.1-8.4":0,"9.0-9.2":0,"9.3":0.03975440611334423,"10.0-10.2":0.04858871858297628,"10.3":0.15018331198374488,"11.0-11.2":1.5195017447767127,"11.3":0},"op_mini":{"all":0},"android":{"3":0,"4":0,"62":0.0706744997570564,"2.1":0,"2.2":0,"2.3":0,"4.1":0,"4.2-4.3":0,"4.4":0,"4.4.3-4.4.4":0},"bb":{"7":0,"10":0},"op_mob":{"12":0,"37":0,"12.1":0},"and_chr":{"64":0.7641680286231723},"and_ff":{"57":0},"ie_mob":{"10":0,"11":0},"and_uc":{"11.8":0},"samsung":{"4":0,"5":0,"6.2":0},"and_qq":{"1.2":0},"baidu":{"7.12":0}},"meta":{"start_date":"2018-01-08","end_date":"2018-02-07"},"uid":"custom.19775726|undefined"}